mutation,escape_score,escape_mean
E484K,0.9999999987804878,0.92
E484Q,0.9390243890987507,0.87
Q493R,0.9146341452260559,0.85
E484A,0.8658536574806663,0.81
L452R,0.8536585355443189,0.8
E484G,0.8292682916716241,0.78
F490S,0.8292682916716241,0.78
T478K,0.8292682916716241,0.78
Q493K,0.8292682916716241,0.78
K444R,0.7926829258625818,0.75
G485R,0.7804878039262344,0.74
R346K,0.7560975600535396,0.72
L452Q,0.7560975600535396,0.72
K417N,0.7560975600535396,0.72
E484D,0.7560975600535396,0.72
F490L,0.7560975600535396,0.72
Y453F,0.7560975600535396,0.72
T478R,0.7317073161808447,0.7
F486L,0.7317073161808447,0.7
N440K,0.7317073161808447,0.7
Q493H,0.7317073161808447,0.7
K417T,0.70731707230815,0.68
K444N,0.70731707230815,0.68
G446S,0.70731707230815,0.68
Y449H,0.70731707230815,0.68
E484R,0.70731707230815,0.68
E484V,0.6707317064991077,0.65
L452M,0.6707317064991077,0.65
Y453C,0.6707317064991077,0.65
F490I,0.6707317064991077,0.65
R346T,0.6707317064991077,0.65
F486V,0.6707317064991077,0.65
G485D,0.6707317064991077,0.65
N501Y,0.6707317064991077,0.65
G496S,0.6707317064991077,0.65
K417E,0.6341463406900655,0.62
L455F,0.6341463406900655,0.62
Q493L,0.6341463406900655,0.62
K444T,0.6341463406900655,0.62
T478I,0.6341463406900655,0.62
N440D,0.6341463406900655,0.62
S477N,0.6341463406900655,0.62
Y505H,0.6097560968173706,0.6
F456L,0.6097560968173706,0.6
G446D,0.6097560968173706,0.6
F486S,0.6097560968173706,0.6
S371L,0.6097560968173706,0.6
E484T,0.6097560968173706,0.6
Y449F,0.6097560968173706,0.6
G496R,0.5853658529446757,0.58
F490V,0.5853658529446757,0.58
Y453H,0.5853658529446757,0.58
E340K,0.5853658529446757,0.58
G485S,0.5853658529446757,0.58
L452K,0.5853658529446757,0.58
S373P,0.5853658529446757,0.58
A475V,0.5853658529446757,0.58
R346S,0.5853658529446757,0.58
S477G,0.5853658529446757,0.58
S375F,0.5609756090719811,0.56
L455S,0.5487804871356337,0.55
Q498R,0.5487804871356337,0.55
N501T,0.5487804871356337,0.55
T478M,0.5487804871356337,0.55
G339D,0.5487804871356337,0.55
K417R,0.5487804871356337,0.55
E484S,0.5487804871356337,0.55
P337L,0.5487804871356337,0.55
N440S,0.5487804871356337,0.55
K444E,0.5487804871356337,0.55
Q493E,0.5487804871356337,0.55
F486I,0.5487804871356337,0.55
Y505W,0.5365853651992862,0.54
F456V,0.5243902432629388,0.53
Y449C,0.5243902432629388,0.53
E484N,0.5121951213265914,0.52
Y453S,0.5121951213265914,0.52
G496D,0.5121951213265914,0.52
G485K,0.5121951213265914,0.52
A475S,0.5121951213265914,0.52
R346G,0.5121951213265914,0.52
S477R,0.5121951213265914,0.52
S371F,0.5121951213265914,0.52
G446V,0.5121951213265914,0.52
L452H,0.5121951213265914,0.52
E340A,0.4999999993902439,0.51
F490A,0.4878048774538965,0.5
S373A,0.4878048774538965,0.5
K356R,0.4878048774538965,0.5
K444Q,0.4878048774538965,0.5
K417Q,0.4878048774538965,0.5
P337H,0.4756097555175491,0.49
S375L,0.4756097555175491,0.49
E484H,0.46341463358120166,0.48
N440R,0.46341463358120166,0.48
S477T,0.46341463358120166,0.48
R408S,0.46341463358120166,0.48
Q498H,0.46341463358120166,0.48
L455I,0.46341463358120166,0.48
G339S,0.46341463358120166,0.48
N501S,0.46341463358120166,0.48
Q493N,0.46341463358120166,0.48
Y505F,0.46341463358120166,0.48
T478N,0.46341463358120166,0.48
L452E,0.4390243897085068,0.46
Y449S,0.4390243897085068,0.46
G446R,0.4390243897085068,0.46
G496K,0.4390243897085068,0.46
A344S,0.4390243897085068,0.46
F456I,0.4390243897085068,0.46
Y453D,0.4390243897085068,0.46
R346E,0.4390243897085068,0.46
A475T,0.4390243897085068,0.46
S371V,0.4268292677721594,0.45
G485E,0.4268292677721594,0.45
K417M,0.4268292677721594,0.45
R403K,0.4268292677721594,0.45
F490K,0.4268292677721594,0.45
F486Y,0.4268292677721594,0.45
K356T,0.414634145835812,0.44
S477I,0.414634145835812,0.44
E340D,0.414634145835812,0.44
D405N,0.414634145835812,0.44
K444M,0.414634145835812,0.44
P337T,0.40243902389946457,0.43
S373T,0.40243902389946457,0.43
E484W,0.3902439019631171,0.42
T478S,0.3902439019631171,0.42
N501D,0.3902439019631171,0.42
G339R,0.3902439019631171,0.42
S375I,0.3902439019631171,0.42
Y505C,0.3902439019631171,0.42
Q498K,0.3902439019631171,0.42
L455V,0.3902439019631171,0.42
R408I,0.3902439019631171,0.42
N440T,0.3902439019631171,0.42
Q493T,0.3902439019631171,0.42
S477D,0.3658536580904224,0.4
L452D,0.3658536580904224,0.4
G446E,0.3658536580904224,0.4
K417L,0.3658536580904224,0.4
Y449D,0.3658536580904224,0.4
Y453N,0.3658536580904224,0.4
F456S,0.3658536580904224,0.4
A344T,0.3658536580904224,0.4
F490R,0.3658536580904224,0.4
G496E,0.3658536580904224,0.4
R346D,0.3658536580904224,0.4
A475D,0.3658536580904224,0.4
K444S,0.3414634142177276,0.38
E484L,0.3414634142177276,0.38
N501K,0.3414634142177276,0.38
S371I,0.3414634142177276,0.38
R403T,0.3414634142177276,0.38
G485N,0.3414634142177276,0.38
E340G,0.3414634142177276,0.38
K356G,0.3414634142177276,0.38
F486C,0.3414634142177276,0.38
P337S,0.32926829228138016,0.37
S373V,0.31707317034503274,0.36
G339H,0.31707317034503274,0.36
S477K,0.31707317034503274,0.36
S375V,0.31707317034503274,0.36
L455T,0.31707317034503274,0.36
Q498L,0.31707317034503274,0.36
Y505S,0.31707317034503274,0.36
R408T,0.31707317034503274,0.36
T478A,0.31707317034503274,0.36
N440H,0.31707317034503274,0.36
E484M,0.30487804840868526,0.35
Q493S,0.30487804840868526,0.35
G446K,0.30487804840868526,0.35
R346N,0.30487804840868526,0.35
K417I,0.30487804840868526,0.35
L452N,0.30487804840868526,0.35
A475E,0.30487804840868526,0.35
F490Y,0.30487804840868526,0.35
G496N,0.2926829264723379,0.34
A344V,0.2926829264723379,0.34
Y449N,0.2926829264723379,0.34
Y453A,0.2926829264723379,0.34
F456A,0.2926829264723379,0.34
N501R,0.2926829264723379,0.34
K356E,0.2804878045359905,0.33
S371A,0.26829268259964306,0.32
R403S,0.26829268259964306,0.32
E484I,0.26829268259964306,0.32
E340Q,0.26829268259964306,0.32
F486A,0.26829268259964306,0.32
G339E,0.24390243872694822,0.3
A475G,0.24390243872694822,0.3
T478G,0.24390243872694822,0.3
L452S,0.24390243872694822,0.3
N501H,0.24390243872694822,0.3
L455A,0.24390243872694822,0.3
P337A,0.24390243872694822,0.3
Y505D,0.24390243872694822,0.3
Q498Y,0.24390243872694822,0.3
R408K,0.24390243872694822,0.3
F490C,0.24390243872694822,0.3
S375T,0.24390243872694822,0.3
S477A,0.24390243872694822,0.3
G485T,0.24390243872694822,0.3
R346H,0.24390243872694822,0.3
N440G,0.24390243872694822,0.3
G446N,0.24390243872694822,0.3
K417V,0.24390243872694822,0.3
K444A,0.24390243872694822,0.3
S373G,0.2317073167906008,0.29
F486T,0.21951219485425344,0.28
K356D,0.21951219485425344,0.28
F456T,0.21951219485425344,0.28
G496T,0.21951219485425344,0.28
A344D,0.21951219485425344,0.28
Y453G,0.21951219485425344,0.28
Y449G,0.21951219485425344,0.28
E484P,0.21951219485425344,0.28
Q493A,0.21951219485425344,0.28
E340N,0.20731707291790602,0.27
K417A,0.1951219509815586,0.26
S371T,0.1951219509815586,0.26
N501G,0.1951219509815586,0.26
R403G,0.1951219509815586,0.26
A475K,0.1951219509815586,0.26
G339K,0.1951219509815586,0.26
K444D,0.18292682904521118,0.25
E484C,0.18292682904521118,0.25
T478V,0.18292682904521118,0.25
P337R,0.18292682904521118,0.25
L452T,0.18292682904521118,0.25
G446T,0.18292682904521118,0.25
F490T,0.18292682904521118,0.25
R408G,0.18292682904521118,0.25
Q498N,0.18292682904521118,0.25
S477P,0.18292682904521118,0.25
R346A,0.18292682904521118,0.25
K356N,0.17073170710886373,0.24
G485V,0.17073170710886373,0.24
S375A,0.17073170710886373,0.24
Y505N,0.17073170710886373,0.24
N440A,0.17073170710886373,0.24
L455G,0.17073170710886373,0.24
S373L,0.15853658517251637,0.23
Y449A,0.14634146323616892,0.22
A344G,0.14634146323616892,0.22
F456G,0.14634146323616892,0.22
E340S,0.14634146323616892,0.22
N501I,0.14634146323616892,0.22
E484F,0.14634146323616892,0.22
G339N,0.14634146323616892,0.22
A475R,0.14634146323616892,0.22
G496A,0.14634146323616892,0.22
Q493V,0.14634146323616892,0.22
K417S,0.14634146323616892,0.22
R403E,0.14634146323616892,0.22
R408E,0.12195121936347413,0.2
K356S,0.12195121936347413,0.2
Q498T,0.12195121936347413,0.2
S477L,0.12195121936347413,0.2
K444G,0.12195121936347413,0.2
E484Y,0.12195121936347413,0.2
S371G,0.12195121936347413,0.2
R346V,0.12195121936347413,0.2
L452A,0.12195121936347413,0.2
T478L,0.12195121936347413,0.2
P337K,0.12195121936347413,0.2
S375G,0.1097560974271267,0.19
R403D,0.09756097549077927,0.18
N440V,0.09756097549077927,0.18
Q493G,0.09756097549077927,0.18
K417D,0.09756097549077927,0.18
Y505G,0.09756097549077927,0.18
A344E,0.09756097549077927,0.18
S373I,0.09756097549077927,0.18
L455M,0.09756097549077927,0.18
N501V,0.09756097549077927,0.18
G339T,0.09756097549077927,0.18
L452V,0.07317073161808446,0.16
T478P,0.07317073161808446,0.16
Q498S,0.07317073161808446,0.16
R346I,0.07317073161808446,0.16
R408D,0.07317073161808446,0.16
K444V,0.07317073161808446,0.16
Q493I,0.06097560968173704,0.15
N440I,0.04878048774538966,0.14
L452G,0.03658536580904223,0.13
L452I,0.0,0.1
